401,Credenciales invalidas,admin@saludtech.com,sGKsUuG*+9
401,Credenciales invalidas,admin@saludtech.com,*3TK_OQ3fG
401,Credenciales invalidas,admin@saludtech.com,_dqWLJHr8V
401,Credenciales invalidas,admin@saludtech.com,(9rsEg1H7X
401,Credenciales invalidas,admin@saludtech.com,!)8QcjoY2!
401,Credenciales invalidas,admin@saludtech.com,Wxjg1EWb8$
401,Credenciales invalidas,admin@saludtech.com,CL^9Rgr)c(
401,Credenciales invalidas,admin@saludtech.com,!&K31LEzda
401,Credenciales invalidas,admin@saludtech.com,!w)59cQlY%
401,Credenciales invalidas,admin@saludtech.com,^6U_uTSv%T
401,Credenciales invalidas,admin@saludtech.com,A1tH1mnk)S
401,Credenciales invalidas,admin@saludtech.com,ip3dAwFP_l
401,Credenciales invalidas,admin@saludtech.com,(fF63Ab%XB
401,Credenciales invalidas,admin@saludtech.com,Vj4v_&FqZ&
401,Credenciales invalidas,admin@saludtech.com,#b$MV@PY6t
401,Credenciales invalidas,admin@saludtech.com,uC&aJIv8+3
401,Credenciales invalidas,admin@saludtech.com,T@C2Atk1qx
401,Credenciales invalidas,admin@saludtech.com,qVJOQ5Mir(
401,Credenciales invalidas,admin@saludtech.com,BA%+7Hx8(a
401,Credenciales invalidas,admin@saludtech.com,))v6TGwe#l
401,Credenciales invalidas,admin@saludtech.com,^H+oMllX5u
401,Credenciales invalidas,admin@saludtech.com,$V4H#NnFf0
401,Credenciales invalidas,admin@saludtech.com,Bs37Etx++6
401,Credenciales invalidas,admin@saludtech.com,a&7HSTrp%U
401,Credenciales invalidas,admin@saludtech.com,%C27aMqV+h
401,Credenciales invalidas,admin@saludtech.com,&qZ9gAQx3+
401,Credenciales invalidas,admin@saludtech.com,%3Y^)YTuZJ
401,Credenciales invalidas,admin@saludtech.com,)9Eq2Hd%_H
401,Credenciales invalidas,admin@saludtech.com,)4eE3qJd4x
401,Credenciales invalidas,admin@saludtech.com,2pFOkEQv@3
401,Credenciales invalidas,admin@saludtech.com,2r7YQ7Nz_$
401,Credenciales invalidas,admin@saludtech.com,^nGPsbGMK9
401,Credenciales invalidas,admin@saludtech.com,__r5EnBi3G
401,Credenciales invalidas,admin@saludtech.com,#4MWc3May2
401,Credenciales invalidas,admin@saludtech.com,7x8WVZql*o
401,Credenciales invalidas,admin@saludtech.com,*2)JM)TSfo
401,Credenciales invalidas,admin@saludtech.com,+qwx4+Dw@u
401,Credenciales invalidas,admin@saludtech.com,%7ZSO)KgH4
401,Credenciales invalidas,admin@saludtech.com,L^3L6gOsZ)
401,Credenciales invalidas,admin@saludtech.com,5gt78XgDS!
401,Credenciales invalidas,admin@saludtech.com,l#3)07Ol_u
401,Credenciales invalidas,admin@saludtech.com,Ve3RFYRo%3
401,Credenciales invalidas,admin@saludtech.com,!N21GVBifo
401,Credenciales invalidas,admin@saludtech.com,^VEgDeJ+M1
401,Credenciales invalidas,admin@saludtech.com,Z8I2EPlo_S
401,Credenciales invalidas,admin@saludtech.com,^)*RVpNEu6
401,Credenciales invalidas,admin@saludtech.com,@%3)JTP61t
401,Credenciales invalidas,admin@saludtech.com,98IZdxUR)$
401,Credenciales invalidas,admin@saludtech.com,^o)A8qlvO8
401,Credenciales invalidas,admin@saludtech.com,*PO6)Hfpm2
401,Credenciales invalidas,admin@saludtech.com,$h$Z5gOsEL
401,Credenciales invalidas,admin@saludtech.com,2&5F7balA^
401,Credenciales invalidas,admin@saludtech.com,%kQkn)2x*4
401,Credenciales invalidas,admin@saludtech.com,R0ZrLIge#1
401,Credenciales invalidas,admin@saludtech.com,x165wcXK%N
401,Credenciales invalidas,admin@saludtech.com,k08eqAIkb*
401,Credenciales invalidas,admin@saludtech.com,mc2VaOBR(*
401,Credenciales invalidas,admin@saludtech.com,$4&cW7wai0
401,Credenciales invalidas,admin@saludtech.com,S1GV6jfF)n
401,Credenciales invalidas,admin@saludtech.com,D76*N%uJ@d
401,Credenciales invalidas,admin@saludtech.com,zI8WGFbqk)
401,Credenciales invalidas,admin@saludtech.com,r!T5+8Ir0x
401,Credenciales invalidas,admin@saludtech.com,$$Qt$MUVR1
401,Credenciales invalidas,admin@saludtech.com,*EKbh#Kf16
401,Credenciales invalidas,admin@saludtech.com,#mMmeEPq_7
401,Credenciales invalidas,admin@saludtech.com,+)7BOh0CYo
401,Credenciales invalidas,admin@saludtech.com,4$9Rgu@8wD
401,Credenciales invalidas,admin@saludtech.com,r1NgTvuo(r
401,Credenciales invalidas,admin@saludtech.com,@@o4AlK7ZI
401,Credenciales invalidas,admin@saludtech.com,7z3EJhWv+J
401,Credenciales invalidas,admin@saludtech.com,*1p5Ilwykf
401,Credenciales invalidas,admin@saludtech.com,$d0KNJuMGw
401,Credenciales invalidas,admin@saludtech.com,D4#dpVqo&F
401,Credenciales invalidas,admin@saludtech.com,)@7Kt#VcX2
401,Credenciales invalidas,admin@saludtech.com,uc$8#VFyB0
401,Credenciales invalidas,admin@saludtech.com,^8PAG^ta4p
401,Credenciales invalidas,admin@saludtech.com,81N^CgzW+i
401,Credenciales invalidas,admin@saludtech.com,4^9u4sCw*S
401,Credenciales invalidas,admin@saludtech.com,(7I)JDv6QT
401,Credenciales invalidas,admin@saludtech.com,#Hf$r3GjiN
401,Credenciales invalidas,admin@saludtech.com,^59K+_cSv4
401,Credenciales invalidas,admin@saludtech.com,K*6&IVf#LI
401,Credenciales invalidas,admin@saludtech.com,(NEFpyC6Y0
401,Credenciales invalidas,admin@saludtech.com,V10Y0dyC$)
401,Credenciales invalidas,admin@saludtech.com,IsA2Df^&T$
401,Credenciales invalidas,admin@saludtech.com,v&1NG1nhb@
401,Credenciales invalidas,admin@saludtech.com,6jA54ADf!%
401,Credenciales invalidas,admin@saludtech.com,ajQ%7#tq^3
401,Credenciales invalidas,admin@saludtech.com,&d)PuMnt2J
401,Credenciales invalidas,admin@saludtech.com,JS6P+qrJ&s
401,Credenciales invalidas,admin@saludtech.com,+0sZ40t%!l
401,Credenciales invalidas,admin@saludtech.com,1&9iTo6DUD
401,Credenciales invalidas,admin@saludtech.com,XI6Lr!Bh!O
401,Credenciales invalidas,admin@saludtech.com,)4U(Gc9fuZ
401,Credenciales invalidas,admin@saludtech.com,6)6E2mVVTE
401,Credenciales invalidas,admin@saludtech.com,Yk&9TAg^kZ
401,Credenciales invalidas,admin@saludtech.com,+3GUuurjWv
401,Credenciales invalidas,admin@saludtech.com,2ZPyzNmp@n
401,Credenciales invalidas,admin@saludtech.com,)y9GnKPrE!
401,Credenciales invalidas,admin@saludtech.com,xt!D5AppfG
