401,Credenciales invalidas,websterandre@gmail.com,yH3JFVg*!+
401,Credenciales invalidas,nancy83@gmail.com,OjE*DwuY&2
401,Credenciales invalidas,gharris@gmail.com,2clk7Meq!%
401,Credenciales invalidas,kyoung@example.com,dXWVWCtP@7
401,Credenciales invalidas,hduran@yahoo.com,CAiu44mhr+
401,Credenciales invalidas,walkerruben@yahoo.com,^FE@4OrH*N
401,Credenciales invalidas,lorimorrow@hotmail.com,Uq18Bdxgl(
401,Credenciales invalidas,richard73@yahoo.com,C#5Hmf&A*)
401,Credenciales invalidas,zbennett@hotmail.com,J1B01Mrd*0
401,Credenciales invalidas,zmurray@gmail.com,&EvNMmZf6Q
401,Credenciales invalidas,mark41@hotmail.com,f417GcZxT)
401,Credenciales invalidas,tristanpeterson@yahoo.com,&pK5&DsVT9
401,Credenciales invalidas,virginiaoconnell@hotmail.com,gLT3HiTn&2
401,Credenciales invalidas,jeremy69@example.com,^h1RnxEc#O
401,Credenciales invalidas,johngraham@example.com,_2tsTq@b&A
401,Credenciales invalidas,isaacholland@hotmail.com,*V82D+ub!@
401,Credenciales invalidas,bobby21@yahoo.com,$iuZTU&@8m
401,Credenciales invalidas,amy69@example.com,Dh05uN@yr!
401,Credenciales invalidas,carmen05@hotmail.com,r#W0HrNz+Y
401,Credenciales invalidas,cpayne@yahoo.com,)8XqgNQzd1
401,Credenciales invalidas,brianrobinson@hotmail.com,$cOQ7%CI)6
401,Credenciales invalidas,katherine27@yahoo.com,(A7LP22o+p
401,Credenciales invalidas,tylersmith@gmail.com,*f9kLNrk4j
401,Credenciales invalidas,martinkelly@example.com,La&K^5Ed%9
401,Credenciales invalidas,jonesdonald@hotmail.com,#%U5L&7s$(
401,Credenciales invalidas,boltonyesenia@gmail.com,dn5E(m3uX(
401,Credenciales invalidas,ojenkins@gmail.com,&z1cSgdZ92
401,Credenciales invalidas,onewton@yahoo.com,Nz!5Ad1xT_
401,Credenciales invalidas,garybriggs@example.com,!O^)1AruP*
401,Credenciales invalidas,jesselewis@gmail.com,%+H!jdzv0v
401,Credenciales invalidas,marydean@hotmail.com,^_6(yAyL*5
401,Credenciales invalidas,kmiddleton@hotmail.com,*IMEB!Vt2W
401,Credenciales invalidas,williamcherry@yahoo.com,X!5ZsgY$+0
401,Credenciales invalidas,whitekevin@gmail.com,Rm@k4WuclM
401,Credenciales invalidas,fhopkins@gmail.com,1$J7Wwyp4Y
401,Credenciales invalidas,freemankim@example.com,s2WoOv(%_M
401,Credenciales invalidas,robert49@hotmail.com,@YUOnoSvD8
401,Credenciales invalidas,bgomez@gmail.com,(!P&7hAhn6
401,Credenciales invalidas,alanwolfe@hotmail.com,ckXu69E)%+
401,Credenciales invalidas,jenseneric@hotmail.com,6G9xKFta+)
401,Credenciales invalidas,usavage@gmail.com,$21k*FCkjP
401,Credenciales invalidas,harrismakayla@gmail.com,@rudOzb&i4
401,Credenciales invalidas,fwright@gmail.com,#KVpE!#mr9
401,Credenciales invalidas,blackburncatherine@hotmail.com,7l5XrV)a$M
401,Credenciales invalidas,rgomez@yahoo.com,Y_3NPbijAe
401,Credenciales invalidas,reynoldsjack@example.com,o9V%MlDh_w
401,Credenciales invalidas,cparker@example.com,Nmn&7RFmEF
401,Credenciales invalidas,reginanguyen@hotmail.com,_)5wBnMNaL
401,Credenciales invalidas,vmunoz@example.com,(%Q4XTNvk*
401,Credenciales invalidas,harrisshari@yahoo.com,)A6HIiw#Kb
401,Credenciales invalidas,farrelllauren@gmail.com,!@9+$dWbi&
401,Credenciales invalidas,daltonamanda@example.com,927HkHitt(
401,Credenciales invalidas,hernandezbryan@hotmail.com,JQas$wXo^2
401,Credenciales invalidas,ismith@hotmail.com,$OlRdKmLd5
401,Credenciales invalidas,dave86@yahoo.com,17!7Q_hmjx
401,Credenciales invalidas,hayley79@gmail.com,L(b1(Xw$l+
401,Credenciales invalidas,levyjennifer@example.com,z70NmVNc%k
401,Credenciales invalidas,cohenchristine@gmail.com,@_8CTjm0aX
401,Credenciales invalidas,ahodges@hotmail.com,UOG4P2Fd+4
401,Credenciales invalidas,david87@yahoo.com,+aU2Olbmlz
401,Credenciales invalidas,allenmoore@yahoo.com,1L1Atfcs_q
401,Credenciales invalidas,nking@yahoo.com,e1FAH^f($2
401,Credenciales invalidas,jcampbell@yahoo.com,E_O@5TCiJf
401,Credenciales invalidas,tiffanylopez@yahoo.com,O7SZ2cy3%w
401,Credenciales invalidas,adamwhite@gmail.com,*5rSWMYq7n
401,Credenciales invalidas,bharris@example.com,^w@7GKaq@V
401,Credenciales invalidas,cstanley@hotmail.com,84@ecZwP!G
401,Credenciales invalidas,joseph74@example.com,*hYODIpT64
401,Credenciales invalidas,cmccoy@hotmail.com,f3HTQVl%!v
401,Credenciales invalidas,ericchambers@example.com,)UTSH0Ek3Y
401,Credenciales invalidas,jessicacox@yahoo.com,OA(1Ledp7F
401,Credenciales invalidas,maria81@example.com,v84(1NUm^)
401,Credenciales invalidas,dward@yahoo.com,Q#6hE*Kj1q
401,Credenciales invalidas,edwardbrown@hotmail.com,7%4Qa73wD2
401,Credenciales invalidas,hporter@yahoo.com,0RzF7Umsr+
401,Credenciales invalidas,jaredhubbard@yahoo.com,ziEF&mBJ+2
401,Credenciales invalidas,khess@example.com,v5zSnv8K!z
401,Credenciales invalidas,koconnor@gmail.com,*m!1PNbMh0
401,Credenciales invalidas,xmueller@yahoo.com,!X4yJy9o(7
401,Credenciales invalidas,millerdavid@gmail.com,#1QGn9v3GZ
401,Credenciales invalidas,bethclayton@hotmail.com,RFU6g1tR#7
401,Credenciales invalidas,timothy53@example.com,+Kxgz3ed$6
401,Credenciales invalidas,aking@hotmail.com,^cT8R&Atl7
401,Credenciales invalidas,matthewrodriguez@gmail.com,7CIkKr7j_6
401,Credenciales invalidas,reedrobert@yahoo.com,#d!E3EurMq
401,Credenciales invalidas,destinyjohnson@example.com,^12QI1LodI
401,Credenciales invalidas,icurry@example.com,3M0j^@nea*
401,Credenciales invalidas,callahanryan@yahoo.com,I8mURCk)&!
401,Credenciales invalidas,brownkenneth@hotmail.com,h#42Qfh53!
401,Credenciales invalidas,brownrobert@yahoo.com,ff5O2WnH^D
401,Credenciales invalidas,richard85@gmail.com,#*9qdRo^85
401,Credenciales invalidas,zjackson@yahoo.com,E(4v%Oj#lv
401,Credenciales invalidas,russosierra@gmail.com,0DBYSm@w_h
401,Credenciales invalidas,edavidson@example.com,h+3Ih9yvpl
401,Credenciales invalidas,williamsonjeremy@hotmail.com,p8K^PNO@#f
401,Credenciales invalidas,mcarter@gmail.com,@9SPkyokCh
401,Credenciales invalidas,anna03@gmail.com,o)75NJwM(@
401,Credenciales invalidas,gillchristopher@gmail.com,lcUSd9xM+7
401,Credenciales invalidas,jaredadams@example.com,70AtI8uq*i
401,Credenciales invalidas,michellepatel@example.com,@#ZwpXd%2w
